name,title,level,facing,categories,description,detail,remediation,metadata,cache_key
security_definer_view,Security Definer View,ERROR,EXTERNAL,"[""SECURITY""]","Detects views defined with the SECURITY DEFINER property. These views enforce Postgres permissions and row level security policies (RLS) of the view creator, rather than that of the querying user",View \`public.vw_getin_reservas\` is defined with the SECURITY DEFINER property,https://supabase.com/docs/guides/database/database-linter?lint=0010_security_definer_view,"{""name"":""vw_getin_reservas"",""type"":""view"",""schema"":""public""}",security_definer_view_public_vw_getin_reservas
security_definer_view,Security Definer View,ERROR,EXTERNAL,"[""SECURITY""]","Detects views defined with the SECURITY DEFINER property. These views enforce Postgres permissions and row level security policies (RLS) of the view creator, rather than that of the querying user",View \`public.yuzer_resumo\` is defined with the SECURITY DEFINER property,https://supabase.com/docs/guides/database/database-linter?lint=0010_security_definer_view,"{""name"":""yuzer_resumo"",""type"":""view"",""schema"":""public""}",security_definer_view_public_yuzer_resumo
security_definer_view,Security Definer View,ERROR,EXTERNAL,"[""SECURITY""]","Detects views defined with the SECURITY DEFINER property. These views enforce Postgres permissions and row level security policies (RLS) of the view creator, rather than that of the querying user",View \`public.v_getin_dashboard\` is defined with the SECURITY DEFINER property,https://supabase.com/docs/guides/database/database-linter?lint=0010_security_definer_view,"{""name"":""v_getin_dashboard"",""type"":""view"",""schema"":""public""}",security_definer_view_public_v_getin_dashboard
security_definer_view,Security Definer View,ERROR,EXTERNAL,"[""SECURITY""]","Detects views defined with the SECURITY DEFINER property. These views enforce Postgres permissions and row level security policies (RLS) of the view creator, rather than that of the querying user",View \`public.whatsapp_pending_reminders\` is defined with the SECURITY DEFINER property,https://supabase.com/docs/guides/database/database-linter?lint=0010_security_definer_view,"{""name"":""whatsapp_pending_reminders"",""type"":""view"",""schema"":""public""}",security_definer_view_public_whatsapp_pending_reminders
security_definer_view,Security Definer View,ERROR,EXTERNAL,"[""SECURITY""]","Detects views defined with the SECURITY DEFINER property. These views enforce Postgres permissions and row level security policies (RLS) of the view creator, rather than that of the querying user",View \`public.sympla_resumo\` is defined with the SECURITY DEFINER property,https://supabase.com/docs/guides/database/database-linter?lint=0010_security_definer_view,"{""name"":""sympla_resumo"",""type"":""view"",""schema"":""public""}",security_definer_view_public_sympla_resumo
security_definer_view,Security Definer View,ERROR,EXTERNAL,"[""SECURITY""]","Detects views defined with the SECURITY DEFINER property. These views enforce Postgres permissions and row level security policies (RLS) of the view creator, rather than that of the querying user",View \`public.vw_desempenho_resumo\` is defined with the SECURITY DEFINER property,https://supabase.com/docs/guides/database/database-linter?lint=0010_security_definer_view,"{""name"":""vw_desempenho_resumo"",""type"":""view"",""schema"":""public""}",security_definer_view_public_vw_desempenho_resumo
security_definer_view,Security Definer View,ERROR,EXTERNAL,"[""SECURITY""]","Detects views defined with the SECURITY DEFINER property. These views enforce Postgres permissions and row level security policies (RLS) of the view creator, rather than that of the querying user",View \`public.planejamento_comercial_view\` is defined with the SECURITY DEFINER property,https://supabase.com/docs/guides/database/database-linter?lint=0010_security_definer_view,"{""name"":""planejamento_comercial_view"",""type"":""view"",""schema"":""public""}",security_definer_view_public_planejamento_comercial_view
security_definer_view,Security Definer View,ERROR,EXTERNAL,"[""SECURITY""]","Detects views defined with the SECURITY DEFINER property. These views enforce Postgres permissions and row level security policies (RLS) of the view creator, rather than that of the querying user",View \`public.whatsapp_active_alerts\` is defined with the SECURITY DEFINER property,https://supabase.com/docs/guides/database/database-linter?lint=0010_security_definer_view,"{""name"":""whatsapp_active_alerts"",""type"":""view"",""schema"":""public""}",security_definer_view_public_whatsapp_active_alerts
security_definer_view,Security Definer View,ERROR,EXTERNAL,"[""SECURITY""]","Detects views defined with the SECURITY DEFINER property. These views enforce Postgres permissions and row level security policies (RLS) of the view creator, rather than that of the querying user",View \`public.whatsapp_message_stats\` is defined with the SECURITY DEFINER property,https://supabase.com/docs/guides/database/database-linter?lint=0010_security_definer_view,"{""name"":""whatsapp_message_stats"",""type"":""view"",""schema"":""public""}",security_definer_view_public_whatsapp_message_stats
security_definer_view,Security Definer View,ERROR,EXTERNAL,"[""SECURITY""]","Detects views defined with the SECURITY DEFINER property. These views enforce Postgres permissions and row level security policies (RLS) of the view creator, rather than that of the querying user",View \`public.yuzer_resumo2\` is defined with the SECURITY DEFINER property,https://supabase.com/docs/guides/database/database-linter?lint=0010_security_definer_view,"{""name"":""yuzer_resumo2"",""type"":""view"",""schema"":""public""}",security_definer_view_public_yuzer_resumo2
rls_disabled_in_public,RLS Disabled in Public,ERROR,EXTERNAL,"[""SECURITY""]",Detects cases where row level security (RLS) has not been enabled on tables in schemas exposed to PostgREST,"Table \`public.yuzer_sync_logs\` is public, but RLS has not been enabled.",https://supabase.com/docs/guides/database/database-linter?lint=0013_rls_disabled_in_public,"{""name"":""yuzer_sync_logs"",""type"":""table"",""schema"":""public""}",rls_disabled_in_public_public_yuzer_sync_logs
rls_disabled_in_public,RLS Disabled in Public,ERROR,EXTERNAL,"[""SECURITY""]",Detects cases where row level security (RLS) has not been enabled on tables in schemas exposed to PostgREST,"Table \`public.ai_predictions\` is public, but RLS has not been enabled.",https://supabase.com/docs/guides/database/database-linter?lint=0013_rls_disabled_in_public,"{""name"":""ai_predictions"",""type"":""table"",""schema"":""public""}",rls_disabled_in_public_public_ai_predictions
rls_disabled_in_public,RLS Disabled in Public,ERROR,EXTERNAL,"[""SECURITY""]",Detects cases where row level security (RLS) has not been enabled on tables in schemas exposed to PostgREST,"Table \`public.nibo_categorias\` is public, but RLS has not been enabled.",https://supabase.com/docs/guides/database/database-linter?lint=0013_rls_disabled_in_public,"{""name"":""nibo_categorias"",""type"":""table"",""schema"":""public""}",rls_disabled_in_public_public_nibo_categorias
rls_disabled_in_public,RLS Disabled in Public,ERROR,EXTERNAL,"[""SECURITY""]",Detects cases where row level security (RLS) has not been enabled on tables in schemas exposed to PostgREST,"Table \`public.ai_recommendations\` is public, but RLS has not been enabled.",https://supabase.com/docs/guides/database/database-linter?lint=0013_rls_disabled_in_public,"{""name"":""ai_recommendations"",""type"":""table"",""schema"":""public""}",rls_disabled_in_public_public_ai_recommendations
rls_disabled_in_public,RLS Disabled in Public,ERROR,EXTERNAL,"[""SECURITY""]",Detects cases where row level security (RLS) has not been enabled on tables in schemas exposed to PostgREST,"Table \`public.nibo_contas_bancarias\` is public, but RLS has not been enabled.",https://supabase.com/docs/guides/database/database-linter?lint=0013_rls_disabled_in_public,"{""name"":""nibo_contas_bancarias"",""type"":""table"",""schema"":""public""}",rls_disabled_in_public_public_nibo_contas_bancarias
rls_disabled_in_public,RLS Disabled in Public,ERROR,EXTERNAL,"[""SECURITY""]",Detects cases where row level security (RLS) has not been enabled on tables in schemas exposed to PostgREST,"Table \`public.checklist_abertura\` is public, but RLS has not been enabled.",https://supabase.com/docs/guides/database/database-linter?lint=0013_rls_disabled_in_public,"{""name"":""checklist_abertura"",""type"":""table"",""schema"":""public""}",rls_disabled_in_public_public_checklist_abertura
rls_disabled_in_public,RLS Disabled in Public,ERROR,EXTERNAL,"[""SECURITY""]",Detects cases where row level security (RLS) has not been enabled on tables in schemas exposed to PostgREST,"Table \`public.nibo_logs_sincronizacao\` is public, but RLS has not been enabled.",https://supabase.com/docs/guides/database/database-linter?lint=0013_rls_disabled_in_public,"{""name"":""nibo_logs_sincronizacao"",""type"":""table"",""schema"":""public""}",rls_disabled_in_public_public_nibo_logs_sincronizacao
rls_disabled_in_public,RLS Disabled in Public,ERROR,EXTERNAL,"[""SECURITY""]",Detects cases where row level security (RLS) has not been enabled on tables in schemas exposed to PostgREST,"Table \`public.nibo_temp_agendamentos\` is public, but RLS has not been enabled.",https://supabase.com/docs/guides/database/database-linter?lint=0013_rls_disabled_in_public,"{""name"":""nibo_temp_agendamentos"",""type"":""table"",""schema"":""public""}",rls_disabled_in_public_public_nibo_temp_agendamentos
rls_disabled_in_public,RLS Disabled in Public,ERROR,EXTERNAL,"[""SECURITY""]",Detects cases where row level security (RLS) has not been enabled on tables in schemas exposed to PostgREST,"Table \`public.ai_models\` is public, but RLS has not been enabled.",https://supabase.com/docs/guides/database/database-linter?lint=0013_rls_disabled_in_public,"{""name"":""ai_models"",""type"":""table"",""schema"":""public""}",rls_disabled_in_public_public_ai_models
rls_disabled_in_public,RLS Disabled in Public,ERROR,EXTERNAL,"[""SECURITY""]",Detects cases where row level security (RLS) has not been enabled on tables in schemas exposed to PostgREST,"Table \`public.ai_anomalies\` is public, but RLS has not been enabled.",https://supabase.com/docs/guides/database/database-linter?lint=0013_rls_disabled_in_public,"{""name"":""ai_anomalies"",""type"":""table"",""schema"":""public""}",rls_disabled_in_public_public_ai_anomalies
rls_disabled_in_public,RLS Disabled in Public,ERROR,EXTERNAL,"[""SECURITY""]",Detects cases where row level security (RLS) has not been enabled on tables in schemas exposed to PostgREST,"Table \`public.checklist_abertura_itens\` is public, but RLS has not been enabled.",https://supabase.com/docs/guides/database/database-linter?lint=0013_rls_disabled_in_public,"{""name"":""checklist_abertura_itens"",""type"":""table"",""schema"":""public""}",rls_disabled_in_public_public_checklist_abertura_itens
rls_disabled_in_public,RLS Disabled in Public,ERROR,EXTERNAL,"[""SECURITY""]",Detects cases where row level security (RLS) has not been enabled on tables in schemas exposed to PostgREST,"Table \`public.ai_metrics\` is public, but RLS has not been enabled.",https://supabase.com/docs/guides/database/database-linter?lint=0013_rls_disabled_in_public,"{""name"":""ai_metrics"",""type"":""table"",""schema"":""public""}",rls_disabled_in_public_public_ai_metrics
rls_disabled_in_public,RLS Disabled in Public,ERROR,EXTERNAL,"[""SECURITY""]",Detects cases where row level security (RLS) has not been enabled on tables in schemas exposed to PostgREST,"Table \`public.ai_agent_logs\` is public, but RLS has not been enabled.",https://supabase.com/docs/guides/database/database-linter?lint=0013_rls_disabled_in_public,"{""name"":""ai_agent_logs"",""type"":""table"",""schema"":""public""}",rls_disabled_in_public_public_ai_agent_logs
rls_disabled_in_public,RLS Disabled in Public,ERROR,EXTERNAL,"[""SECURITY""]",Detects cases where row level security (RLS) has not been enabled on tables in schemas exposed to PostgREST,"Table \`public.ai_agent_config\` is public, but RLS has not been enabled.",https://supabase.com/docs/guides/database/database-linter?lint=0013_rls_disabled_in_public,"{""name"":""ai_agent_config"",""type"":""table"",""schema"":""public""}",rls_disabled_in_public_public_ai_agent_config
rls_disabled_in_public,RLS Disabled in Public,ERROR,EXTERNAL,"[""SECURITY""]",Detects cases where row level security (RLS) has not been enabled on tables in schemas exposed to PostgREST,"Table \`public.nibo_background_jobs\` is public, but RLS has not been enabled.",https://supabase.com/docs/guides/database/database-linter?lint=0013_rls_disabled_in_public,"{""name"":""nibo_background_jobs"",""type"":""table"",""schema"":""public""}",rls_disabled_in_public_public_nibo_background_jobs
rls_disabled_in_public,RLS Disabled in Public,ERROR,EXTERNAL,"[""SECURITY""]",Detects cases where row level security (RLS) has not been enabled on tables in schemas exposed to PostgREST,"Table \`public.nibo_agendamentos\` is public, but RLS has not been enabled.",https://supabase.com/docs/guides/database/database-linter?lint=0013_rls_disabled_in_public,"{""name"":""nibo_agendamentos"",""type"":""table"",""schema"":""public""}",rls_disabled_in_public_public_nibo_agendamentos
rls_disabled_in_public,RLS Disabled in Public,ERROR,EXTERNAL,"[""SECURITY""]",Detects cases where row level security (RLS) has not been enabled on tables in schemas exposed to PostgREST,"Table \`public.windsor_google\` is public, but RLS has not been enabled.",https://supabase.com/docs/guides/database/database-linter?lint=0013_rls_disabled_in_public,"{""name"":""windsor_google"",""type"":""table"",""schema"":""public""}",rls_disabled_in_public_public_windsor_google
rls_disabled_in_public,RLS Disabled in Public,ERROR,EXTERNAL,"[""SECURITY""]",Detects cases where row level security (RLS) has not been enabled on tables in schemas exposed to PostgREST,"Table \`public.nibo_stakeholders\` is public, but RLS has not been enabled.",https://supabase.com/docs/guides/database/database-linter?lint=0013_rls_disabled_in_public,"{""name"":""nibo_stakeholders"",""type"":""table"",""schema"":""public""}",rls_disabled_in_public_public_nibo_stakeholders
rls_disabled_in_public,RLS Disabled in Public,ERROR,EXTERNAL,"[""SECURITY""]",Detects cases where row level security (RLS) has not been enabled on tables in schemas exposed to PostgREST,"Table \`public.avaliacoes_google\` is public, but RLS has not been enabled.",https://supabase.com/docs/guides/database/database-linter?lint=0013_rls_disabled_in_public,"{""name"":""avaliacoes_google"",""type"":""table"",""schema"":""public""}",rls_disabled_in_public_public_avaliacoes_google
rls_disabled_in_public,RLS Disabled in Public,ERROR,EXTERNAL,"[""SECURITY""]",Detects cases where row level security (RLS) has not been enabled on tables in schemas exposed to PostgREST,"Table \`public.windsor_instagram_stories\` is public, but RLS has not been enabled.",https://supabase.com/docs/guides/database/database-linter?lint=0013_rls_disabled_in_public,"{""name"":""windsor_instagram_stories"",""type"":""table"",""schema"":""public""}",rls_disabled_in_public_public_windsor_instagram_stories
rls_disabled_in_public,RLS Disabled in Public,ERROR,EXTERNAL,"[""SECURITY""]",Detects cases where row level security (RLS) has not been enabled on tables in schemas exposed to PostgREST,"Table \`public.windsor_instagram_followers\` is public, but RLS has not been enabled.",https://supabase.com/docs/guides/database/database-linter?lint=0013_rls_disabled_in_public,"{""name"":""windsor_instagram_followers"",""type"":""table"",""schema"":""public""}",rls_disabled_in_public_public_windsor_instagram_followers
rls_disabled_in_public,RLS Disabled in Public,ERROR,EXTERNAL,"[""SECURITY""]",Detects cases where row level security (RLS) has not been enabled on tables in schemas exposed to PostgREST,"Table \`public.permissoes_usuario\` is public, but RLS has not been enabled.",https://supabase.com/docs/guides/database/database-linter?lint=0013_rls_disabled_in_public,"{""name"":""permissoes_usuario"",""type"":""table"",""schema"":""public""}",rls_disabled_in_public_public_permissoes_usuario
rls_disabled_in_public,RLS Disabled in Public,ERROR,EXTERNAL,"[""SECURITY""]",Detects cases where row level security (RLS) has not been enabled on tables in schemas exposed to PostgREST,"Table \`public.checklist_schedules\` is public, but RLS has not been enabled.",https://supabase.com/docs/guides/database/database-linter?lint=0013_rls_disabled_in_public,"{""name"":""checklist_schedules"",""type"":""table"",""schema"":""public""}",rls_disabled_in_public_public_checklist_schedules
rls_disabled_in_public,RLS Disabled in Public,ERROR,EXTERNAL,"[""SECURITY""]",Detects cases where row level security (RLS) has not been enabled on tables in schemas exposed to PostgREST,"Table \`public.checklists\` is public, but RLS has not been enabled.",https://supabase.com/docs/guides/database/database-linter?lint=0013_rls_disabled_in_public,"{""name"":""checklists"",""type"":""table"",""schema"":""public""}",rls_disabled_in_public_public_checklists
rls_disabled_in_public,RLS Disabled in Public,ERROR,EXTERNAL,"[""SECURITY""]",Detects cases where row level security (RLS) has not been enabled on tables in schemas exposed to PostgREST,"Table \`public.checklist_tags\` is public, but RLS has not been enabled.",https://supabase.com/docs/guides/database/database-linter?lint=0013_rls_disabled_in_public,"{""name"":""checklist_tags"",""type"":""table"",""schema"":""public""}",rls_disabled_in_public_public_checklist_tags
rls_disabled_in_public,RLS Disabled in Public,ERROR,EXTERNAL,"[""SECURITY""]",Detects cases where row level security (RLS) has not been enabled on tables in schemas exposed to PostgREST,"Table \`public.template_tags\` is public, but RLS has not been enabled.",https://supabase.com/docs/guides/database/database-linter?lint=0013_rls_disabled_in_public,"{""name"":""template_tags"",""type"":""table"",""schema"":""public""}",rls_disabled_in_public_public_template_tags
rls_disabled_in_public,RLS Disabled in Public,ERROR,EXTERNAL,"[""SECURITY""]",Detects cases where row level security (RLS) has not been enabled on tables in schemas exposed to PostgREST,"Table \`public.insumos\` is public, but RLS has not been enabled.",https://supabase.com/docs/guides/database/database-linter?lint=0013_rls_disabled_in_public,"{""name"":""insumos"",""type"":""table"",""schema"":""public""}",rls_disabled_in_public_public_insumos
rls_disabled_in_public,RLS Disabled in Public,ERROR,EXTERNAL,"[""SECURITY""]",Detects cases where row level security (RLS) has not been enabled on tables in schemas exposed to PostgREST,"Table \`public.checklist_secoes\` is public, but RLS has not been enabled.",https://supabase.com/docs/guides/database/database-linter?lint=0013_rls_disabled_in_public,"{""name"":""checklist_secoes"",""type"":""table"",""schema"":""public""}",rls_disabled_in_public_public_checklist_secoes
rls_disabled_in_public,RLS Disabled in Public,ERROR,EXTERNAL,"[""SECURITY""]",Detects cases where row level security (RLS) has not been enabled on tables in schemas exposed to PostgREST,"Table \`public.receitas\` is public, but RLS has not been enabled.",https://supabase.com/docs/guides/database/database-linter?lint=0013_rls_disabled_in_public,"{""name"":""receitas"",""type"":""table"",""schema"":""public""}",rls_disabled_in_public_public_receitas
rls_disabled_in_public,RLS Disabled in Public,ERROR,EXTERNAL,"[""SECURITY""]",Detects cases where row level security (RLS) has not been enabled on tables in schemas exposed to PostgREST,"Table \`public.checklist_itens\` is public, but RLS has not been enabled.",https://supabase.com/docs/guides/database/database-linter?lint=0013_rls_disabled_in_public,"{""name"":""checklist_itens"",""type"":""table"",""schema"":""public""}",rls_disabled_in_public_public_checklist_itens
rls_disabled_in_public,RLS Disabled in Public,ERROR,EXTERNAL,"[""SECURITY""]",Detects cases where row level security (RLS) has not been enabled on tables in schemas exposed to PostgREST,"Table \`public.checklist_agendamentos\` is public, but RLS has not been enabled.",https://supabase.com/docs/guides/database/database-linter?lint=0013_rls_disabled_in_public,"{""name"":""checklist_agendamentos"",""type"":""table"",""schema"":""public""}",rls_disabled_in_public_public_checklist_agendamentos
rls_disabled_in_public,RLS Disabled in Public,ERROR,EXTERNAL,"[""SECURITY""]",Detects cases where row level security (RLS) has not been enabled on tables in schemas exposed to PostgREST,"Table \`public.checklist_recorrencia\` is public, but RLS has not been enabled.",https://supabase.com/docs/guides/database/database-linter?lint=0013_rls_disabled_in_public,"{""name"":""checklist_recorrencia"",""type"":""table"",""schema"":""public""}",rls_disabled_in_public_public_checklist_recorrencia
rls_disabled_in_public,RLS Disabled in Public,ERROR,EXTERNAL,"[""SECURITY""]",Detects cases where row level security (RLS) has not been enabled on tables in schemas exposed to PostgREST,"Table \`public.nibo_usuarios\` is public, but RLS has not been enabled.",https://supabase.com/docs/guides/database/database-linter?lint=0013_rls_disabled_in_public,"{""name"":""nibo_usuarios"",""type"":""table"",""schema"":""public""}",rls_disabled_in_public_public_nibo_usuarios
rls_disabled_in_public,RLS Disabled in Public,ERROR,EXTERNAL,"[""SECURITY""]",Detects cases where row level security (RLS) has not been enabled on tables in schemas exposed to PostgREST,"Table \`public.checklist_execucoes\` is public, but RLS has not been enabled.",https://supabase.com/docs/guides/database/database-linter?lint=0013_rls_disabled_in_public,"{""name"":""checklist_execucoes"",""type"":""table"",""schema"":""public""}",rls_disabled_in_public_public_checklist_execucoes
rls_disabled_in_public,RLS Disabled in Public,ERROR,EXTERNAL,"[""SECURITY""]",Detects cases where row level security (RLS) has not been enabled on tables in schemas exposed to PostgREST,"Table \`public.checklist_respostas\` is public, but RLS has not been enabled.",https://supabase.com/docs/guides/database/database-linter?lint=0013_rls_disabled_in_public,"{""name"":""checklist_respostas"",""type"":""table"",""schema"":""public""}",rls_disabled_in_public_public_checklist_respostas
rls_disabled_in_public,RLS Disabled in Public,ERROR,EXTERNAL,"[""SECURITY""]",Detects cases where row level security (RLS) has not been enabled on tables in schemas exposed to PostgREST,"Table \`public.checklist_arquivos\` is public, but RLS has not been enabled.",https://supabase.com/docs/guides/database/database-linter?lint=0013_rls_disabled_in_public,"{""name"":""checklist_arquivos"",""type"":""table"",""schema"":""public""}",rls_disabled_in_public_public_checklist_arquivos
rls_disabled_in_public,RLS Disabled in Public,ERROR,EXTERNAL,"[""SECURITY""]",Detects cases where row level security (RLS) has not been enabled on tables in schemas exposed to PostgREST,"Table \`public.checklist_auto_executions\` is public, but RLS has not been enabled.",https://supabase.com/docs/guides/database/database-linter?lint=0013_rls_disabled_in_public,"{""name"":""checklist_auto_executions"",""type"":""table"",""schema"":""public""}",rls_disabled_in_public_public_checklist_auto_executions
rls_disabled_in_public,RLS Disabled in Public,ERROR,EXTERNAL,"[""SECURITY""]",Detects cases where row level security (RLS) has not been enabled on tables in schemas exposed to PostgREST,"Table \`public.notificacoes\` is public, but RLS has not been enabled.",https://supabase.com/docs/guides/database/database-linter?lint=0013_rls_disabled_in_public,"{""name"":""notificacoes"",""type"":""table"",""schema"":""public""}",rls_disabled_in_public_public_notificacoes
rls_disabled_in_public,RLS Disabled in Public,ERROR,EXTERNAL,"[""SECURITY""]",Detects cases where row level security (RLS) has not been enabled on tables in schemas exposed to PostgREST,"Table \`public.checklist_automation_logs\` is public, but RLS has not been enabled.",https://supabase.com/docs/guides/database/database-linter?lint=0013_rls_disabled_in_public,"{""name"":""checklist_automation_logs"",""type"":""table"",""schema"":""public""}",rls_disabled_in_public_public_checklist_automation_logs
rls_disabled_in_public,RLS Disabled in Public,ERROR,EXTERNAL,"[""SECURITY""]",Detects cases where row level security (RLS) has not been enabled on tables in schemas exposed to PostgREST,"Table \`public.auditoria_checklists\` is public, but RLS has not been enabled.",https://supabase.com/docs/guides/database/database-linter?lint=0013_rls_disabled_in_public,"{""name"":""auditoria_checklists"",""type"":""table"",""schema"":""public""}",rls_disabled_in_public_public_auditoria_checklists
rls_disabled_in_public,RLS Disabled in Public,ERROR,EXTERNAL,"[""SECURITY""]",Detects cases where row level security (RLS) has not been enabled on tables in schemas exposed to PostgREST,"Table \`public.checklist_metricas\` is public, but RLS has not been enabled.",https://supabase.com/docs/guides/database/database-linter?lint=0013_rls_disabled_in_public,"{""name"":""checklist_metricas"",""type"":""table"",""schema"":""public""}",rls_disabled_in_public_public_checklist_metricas
rls_disabled_in_public,RLS Disabled in Public,ERROR,EXTERNAL,"[""SECURITY""]",Detects cases where row level security (RLS) has not been enabled on tables in schemas exposed to PostgREST,"Table \`public.integracoes_config\` is public, but RLS has not been enabled.",https://supabase.com/docs/guides/database/database-linter?lint=0013_rls_disabled_in_public,"{""name"":""integracoes_config"",""type"":""table"",""schema"":""public""}",rls_disabled_in_public_public_integracoes_config
rls_disabled_in_public,RLS Disabled in Public,ERROR,EXTERNAL,"[""SECURITY""]",Detects cases where row level security (RLS) has not been enabled on tables in schemas exposed to PostgREST,"Table \`public.integracoes_log\` is public, but RLS has not been enabled.",https://supabase.com/docs/guides/database/database-linter?lint=0013_rls_disabled_in_public,"{""name"":""integracoes_log"",""type"":""table"",""schema"":""public""}",rls_disabled_in_public_public_integracoes_log
rls_disabled_in_public,RLS Disabled in Public,ERROR,EXTERNAL,"[""SECURITY""]",Detects cases where row level security (RLS) has not been enabled on tables in schemas exposed to PostgREST,"Table \`public.ads_daily\` is public, but RLS has not been enabled.",https://supabase.com/docs/guides/database/database-linter?lint=0013_rls_disabled_in_public,"{""name"":""ads_daily"",""type"":""table"",""schema"":""public""}",rls_disabled_in_public_public_ads_daily
rls_disabled_in_public,RLS Disabled in Public,ERROR,EXTERNAL,"[""SECURITY""]",Detects cases where row level security (RLS) has not been enabled on tables in schemas exposed to PostgREST,"Table \`public.receita_insumo\` is public, but RLS has not been enabled.",https://supabase.com/docs/guides/database/database-linter?lint=0013_rls_disabled_in_public,"{""name"":""receita_insumo"",""type"":""table"",""schema"":""public""}",rls_disabled_in_public_public_receita_insumo
rls_disabled_in_public,RLS Disabled in Public,ERROR,EXTERNAL,"[""SECURITY""]",Detects cases where row level security (RLS) has not been enabled on tables in schemas exposed to PostgREST,"Table \`public.nibo_centros_custo\` is public, but RLS has not been enabled.",https://supabase.com/docs/guides/database/database-linter?lint=0013_rls_disabled_in_public,"{""name"":""nibo_centros_custo"",""type"":""table"",""schema"":""public""}",rls_disabled_in_public_public_nibo_centros_custo
rls_disabled_in_public,RLS Disabled in Public,ERROR,EXTERNAL,"[""SECURITY""]",Detects cases where row level security (RLS) has not been enabled on tables in schemas exposed to PostgREST,"Table \`public.windsor_instagram_followers_daily\` is public, but RLS has not been enabled.",https://supabase.com/docs/guides/database/database-linter?lint=0013_rls_disabled_in_public,"{""name"":""windsor_instagram_followers_daily"",""type"":""table"",""schema"":""public""}",rls_disabled_in_public_public_windsor_instagram_followers_daily
rls_disabled_in_public,RLS Disabled in Public,ERROR,EXTERNAL,"[""SECURITY""]",Detects cases where row level security (RLS) has not been enabled on tables in schemas exposed to PostgREST,"Table \`public.desempenho_semanal\` is public, but RLS has not been enabled.",https://supabase.com/docs/guides/database/database-linter?lint=0013_rls_disabled_in_public,"{""name"":""desempenho_semanal"",""type"":""table"",""schema"":""public""}",rls_disabled_in_public_public_desempenho_semanal
rls_disabled_in_public,RLS Disabled in Public,ERROR,EXTERNAL,"[""SECURITY""]",Detects cases where row level security (RLS) has not been enabled on tables in schemas exposed to PostgREST,"Table \`public.ai_insights\` is public, but RLS has not been enabled.",https://supabase.com/docs/guides/database/database-linter?lint=0013_rls_disabled_in_public,"{""name"":""ai_insights"",""type"":""table"",""schema"":""public""}",rls_disabled_in_public_public_ai_insights
rls_disabled_in_public,RLS Disabled in Public,ERROR,EXTERNAL,"[""SECURITY""]",Detects cases where row level security (RLS) has not been enabled on tables in schemas exposed to PostgREST,"Table \`public._backup_webhook_configs\` is public, but RLS has not been enabled.",https://supabase.com/docs/guides/database/database-linter?lint=0013_rls_disabled_in_public,"{""name"":""_backup_webhook_configs"",""type"":""table"",""schema"":""public""}",rls_disabled_in_public_public__backup_webhook_configs
rls_disabled_in_public,RLS Disabled in Public,ERROR,EXTERNAL,"[""SECURITY""]",Detects cases where row level security (RLS) has not been enabled on tables in schemas exposed to PostgREST,"Table \`public.sistema_metricas\` is public, but RLS has not been enabled.",https://supabase.com/docs/guides/database/database-linter?lint=0013_rls_disabled_in_public,"{""name"":""sistema_metricas"",""type"":""table"",""schema"":""public""}",rls_disabled_in_public_public_sistema_metricas
rls_disabled_in_public,RLS Disabled in Public,ERROR,EXTERNAL,"[""SECURITY""]",Detects cases where row level security (RLS) has not been enabled on tables in schemas exposed to PostgREST,"Table \`public.sistema_performance\` is public, but RLS has not been enabled.",https://supabase.com/docs/guides/database/database-linter?lint=0013_rls_disabled_in_public,"{""name"":""sistema_performance"",""type"":""table"",""schema"":""public""}",rls_disabled_in_public_public_sistema_performance
rls_disabled_in_public,RLS Disabled in Public,ERROR,EXTERNAL,"[""SECURITY""]",Detects cases where row level security (RLS) has not been enabled on tables in schemas exposed to PostgREST,"Table \`public.sistema_kpis\` is public, but RLS has not been enabled.",https://supabase.com/docs/guides/database/database-linter?lint=0013_rls_disabled_in_public,"{""name"":""sistema_kpis"",""type"":""table"",""schema"":""public""}",rls_disabled_in_public_public_sistema_kpis
rls_disabled_in_public,RLS Disabled in Public,ERROR,EXTERNAL,"[""SECURITY""]",Detects cases where row level security (RLS) has not been enabled on tables in schemas exposed to PostgREST,"Table \`public.sistema_alertas\` is public, but RLS has not been enabled.",https://supabase.com/docs/guides/database/database-linter?lint=0013_rls_disabled_in_public,"{""name"":""sistema_alertas"",""type"":""table"",""schema"":""public""}",rls_disabled_in_public_public_sistema_alertas
rls_disabled_in_public,RLS Disabled in Public,ERROR,EXTERNAL,"[""SECURITY""]",Detects cases where row level security (RLS) has not been enabled on tables in schemas exposed to PostgREST,"Table \`public.getin_reservas\` is public, but RLS has not been enabled.",https://supabase.com/docs/guides/database/database-linter?lint=0013_rls_disabled_in_public,"{""name"":""getin_reservas"",""type"":""table"",""schema"":""public""}",rls_disabled_in_public_public_getin_reservas
rls_disabled_in_public,RLS Disabled in Public,ERROR,EXTERNAL,"[""SECURITY""]",Detects cases where row level security (RLS) has not been enabled on tables in schemas exposed to PostgREST,"Table \`public.webhook_logs\` is public, but RLS has not been enabled.",https://supabase.com/docs/guides/database/database-linter?lint=0013_rls_disabled_in_public,"{""name"":""webhook_logs"",""type"":""table"",""schema"":""public""}",rls_disabled_in_public_public_webhook_logs
rls_disabled_in_public,RLS Disabled in Public,ERROR,EXTERNAL,"[""SECURITY""]",Detects cases where row level security (RLS) has not been enabled on tables in schemas exposed to PostgREST,"Table \`public.pix_recebidos\` is public, but RLS has not been enabled.",https://supabase.com/docs/guides/database/database-linter?lint=0013_rls_disabled_in_public,"{""name"":""pix_recebidos"",""type"":""table"",""schema"":""public""}",rls_disabled_in_public_public_pix_recebidos
rls_disabled_in_public,RLS Disabled in Public,ERROR,EXTERNAL,"[""SECURITY""]",Detects cases where row level security (RLS) has not been enabled on tables in schemas exposed to PostgREST,"Table \`public.boletos\` is public, but RLS has not been enabled.",https://supabase.com/docs/guides/database/database-linter?lint=0013_rls_disabled_in_public,"{""name"":""boletos"",""type"":""table"",""schema"":""public""}",rls_disabled_in_public_public_boletos
rls_disabled_in_public,RLS Disabled in Public,ERROR,EXTERNAL,"[""SECURITY""]",Detects cases where row level security (RLS) has not been enabled on tables in schemas exposed to PostgREST,"Table \`public.pix_enviados\` is public, but RLS has not been enabled.",https://supabase.com/docs/guides/database/database-linter?lint=0013_rls_disabled_in_public,"{""name"":""pix_enviados"",""type"":""table"",""schema"":""public""}",rls_disabled_in_public_public_pix_enviados
rls_disabled_in_public,RLS Disabled in Public,ERROR,EXTERNAL,"[""SECURITY""]",Detects cases where row level security (RLS) has not been enabled on tables in schemas exposed to PostgREST,"Table \`public.discord_webhooks\` is public, but RLS has not been enabled.",https://supabase.com/docs/guides/database/database-linter?lint=0013_rls_disabled_in_public,"{""name"":""discord_webhooks"",""type"":""table"",""schema"":""public""}",rls_disabled_in_public_public_discord_webhooks
rls_disabled_in_public,RLS Disabled in Public,ERROR,EXTERNAL,"[""SECURITY""]",Detects cases where row level security (RLS) has not been enabled on tables in schemas exposed to PostgREST,"Table \`public.notificacoes_sistema\` is public, but RLS has not been enabled.",https://supabase.com/docs/guides/database/database-linter?lint=0013_rls_disabled_in_public,"{""name"":""notificacoes_sistema"",""type"":""table"",""schema"":""public""}",rls_disabled_in_public_public_notificacoes_sistema
rls_disabled_in_public,RLS Disabled in Public,ERROR,EXTERNAL,"[""SECURITY""]",Detects cases where row level security (RLS) has not been enabled on tables in schemas exposed to PostgREST,"Table \`public.webhook_test_logs\` is public, but RLS has not been enabled.",https://supabase.com/docs/guides/database/database-linter?lint=0013_rls_disabled_in_public,"{""name"":""webhook_test_logs"",""type"":""table"",""schema"":""public""}",rls_disabled_in_public_public_webhook_test_logs
rls_disabled_in_public,RLS Disabled in Public,ERROR,EXTERNAL,"[""SECURITY""]",Detects cases where row level security (RLS) has not been enabled on tables in schemas exposed to PostgREST,"Table \`public.tabela_desempenho\` is public, but RLS has not been enabled.",https://supabase.com/docs/guides/database/database-linter?lint=0013_rls_disabled_in_public,"{""name"":""tabela_desempenho"",""type"":""table"",""schema"":""public""}",rls_disabled_in_public_public_tabela_desempenho
rls_disabled_in_public,RLS Disabled in Public,ERROR,EXTERNAL,"[""SECURITY""]",Detects cases where row level security (RLS) has not been enabled on tables in schemas exposed to PostgREST,"Table \`public.yuzer_eventos\` is public, but RLS has not been enabled.",https://supabase.com/docs/guides/database/database-linter?lint=0013_rls_disabled_in_public,"{""name"":""yuzer_eventos"",""type"":""table"",""schema"":""public""}",rls_disabled_in_public_public_yuzer_eventos
rls_disabled_in_public,RLS Disabled in Public,ERROR,EXTERNAL,"[""SECURITY""]",Detects cases where row level security (RLS) has not been enabled on tables in schemas exposed to PostgREST,"Table \`public.sympla_pedidos\` is public, but RLS has not been enabled.",https://supabase.com/docs/guides/database/database-linter?lint=0013_rls_disabled_in_public,"{""name"":""sympla_pedidos"",""type"":""table"",""schema"":""public""}",rls_disabled_in_public_public_sympla_pedidos
rls_disabled_in_public,RLS Disabled in Public,ERROR,EXTERNAL,"[""SECURITY""]",Detects cases where row level security (RLS) has not been enabled on tables in schemas exposed to PostgREST,"Table \`public.getin_sync_logs\` is public, but RLS has not been enabled.",https://supabase.com/docs/guides/database/database-linter?lint=0013_rls_disabled_in_public,"{""name"":""getin_sync_logs"",""type"":""table"",""schema"":""public""}",rls_disabled_in_public_public_getin_sync_logs
rls_disabled_in_public,RLS Disabled in Public,ERROR,EXTERNAL,"[""SECURITY""]",Detects cases where row level security (RLS) has not been enabled on tables in schemas exposed to PostgREST,"Table \`public.sympla_eventos\` is public, but RLS has not been enabled.",https://supabase.com/docs/guides/database/database-linter?lint=0013_rls_disabled_in_public,"{""name"":""sympla_eventos"",""type"":""table"",""schema"":""public""}",rls_disabled_in_public_public_sympla_eventos
rls_disabled_in_public,RLS Disabled in Public,ERROR,EXTERNAL,"[""SECURITY""]",Detects cases where row level security (RLS) has not been enabled on tables in schemas exposed to PostgREST,"Table \`public.sympla_participantes\` is public, but RLS has not been enabled.",https://supabase.com/docs/guides/database/database-linter?lint=0013_rls_disabled_in_public,"{""name"":""sympla_participantes"",""type"":""table"",""schema"":""public""}",rls_disabled_in_public_public_sympla_participantes
rls_disabled_in_public,RLS Disabled in Public,ERROR,EXTERNAL,"[""SECURITY""]",Detects cases where row level security (RLS) has not been enabled on tables in schemas exposed to PostgREST,"Table \`public.eventos\` is public, but RLS has not been enabled.",https://supabase.com/docs/guides/database/database-linter?lint=0013_rls_disabled_in_public,"{""name"":""eventos"",""type"":""table"",""schema"":""public""}",rls_disabled_in_public_public_eventos
rls_disabled_in_public,RLS Disabled in Public,ERROR,EXTERNAL,"[""SECURITY""]",Detects cases where row level security (RLS) has not been enabled on tables in schemas exposed to PostgREST,"Table \`public.sympla_sync_logs\` is public, but RLS has not been enabled.",https://supabase.com/docs/guides/database/database-linter?lint=0013_rls_disabled_in_public,"{""name"":""sympla_sync_logs"",""type"":""table"",""schema"":""public""}",rls_disabled_in_public_public_sympla_sync_logs
rls_disabled_in_public,RLS Disabled in Public,ERROR,EXTERNAL,"[""SECURITY""]",Detects cases where row level security (RLS) has not been enabled on tables in schemas exposed to PostgREST,"Table \`public.yuzer_fatporhora\` is public, but RLS has not been enabled.",https://supabase.com/docs/guides/database/database-linter?lint=0013_rls_disabled_in_public,"{""name"":""yuzer_fatporhora"",""type"":""table"",""schema"":""public""}",rls_disabled_in_public_public_yuzer_fatporhora
rls_disabled_in_public,RLS Disabled in Public,ERROR,EXTERNAL,"[""SECURITY""]",Detects cases where row level security (RLS) has not been enabled on tables in schemas exposed to PostgREST,"Table \`public.inter_callbacks\` is public, but RLS has not been enabled.",https://supabase.com/docs/guides/database/database-linter?lint=0013_rls_disabled_in_public,"{""name"":""inter_callbacks"",""type"":""table"",""schema"":""public""}",rls_disabled_in_public_public_inter_callbacks
rls_disabled_in_public,RLS Disabled in Public,ERROR,EXTERNAL,"[""SECURITY""]",Detects cases where row level security (RLS) has not been enabled on tables in schemas exposed to PostgREST,"Table \`public.windsor_datav2\` is public, but RLS has not been enabled.",https://supabase.com/docs/guides/database/database-linter?lint=0013_rls_disabled_in_public,"{""name"":""windsor_datav2"",""type"":""table"",""schema"":""public""}",rls_disabled_in_public_public_windsor_datav2
rls_disabled_in_public,RLS Disabled in Public,ERROR,EXTERNAL,"[""SECURITY""]",Detects cases where row level security (RLS) has not been enabled on tables in schemas exposed to PostgREST,"Table \`public.tabela_desempenho_mensal\` is public, but RLS has not been enabled.",https://supabase.com/docs/guides/database/database-linter?lint=0013_rls_disabled_in_public,"{""name"":""tabela_desempenho_mensal"",""type"":""table"",""schema"":""public""}",rls_disabled_in_public_public_tabela_desempenho_mensal
rls_disabled_in_public,RLS Disabled in Public,ERROR,EXTERNAL,"[""SECURITY""]",Detects cases where row level security (RLS) has not been enabled on tables in schemas exposed to PostgREST,"Table \`public.yuzer_pagamento\` is public, but RLS has not been enabled.",https://supabase.com/docs/guides/database/database-linter?lint=0013_rls_disabled_in_public,"{""name"":""yuzer_pagamento"",""type"":""table"",""schema"":""public""}",rls_disabled_in_public_public_yuzer_pagamento
rls_disabled_in_public,RLS Disabled in Public,ERROR,EXTERNAL,"[""SECURITY""]",Detects cases where row level security (RLS) has not been enabled on tables in schemas exposed to PostgREST,"Table \`public.contahub_analitico\` is public, but RLS has not been enabled.",https://supabase.com/docs/guides/database/database-linter?lint=0013_rls_disabled_in_public,"{""name"":""contahub_analitico"",""type"":""table"",""schema"":""public""}",rls_disabled_in_public_public_contahub_analitico
rls_disabled_in_public,RLS Disabled in Public,ERROR,EXTERNAL,"[""SECURITY""]",Detects cases where row level security (RLS) has not been enabled on tables in schemas exposed to PostgREST,"Table \`public.contahub_fatporhora\` is public, but RLS has not been enabled.",https://supabase.com/docs/guides/database/database-linter?lint=0013_rls_disabled_in_public,"{""name"":""contahub_fatporhora"",""type"":""table"",""schema"":""public""}",rls_disabled_in_public_public_contahub_fatporhora
rls_disabled_in_public,RLS Disabled in Public,ERROR,EXTERNAL,"[""SECURITY""]",Detects cases where row level security (RLS) has not been enabled on tables in schemas exposed to PostgREST,"Table \`public.contahub_pagamentos\` is public, but RLS has not been enabled.",https://supabase.com/docs/guides/database/database-linter?lint=0013_rls_disabled_in_public,"{""name"":""contahub_pagamentos"",""type"":""table"",""schema"":""public""}",rls_disabled_in_public_public_contahub_pagamentos
rls_disabled_in_public,RLS Disabled in Public,ERROR,EXTERNAL,"[""SECURITY""]",Detects cases where row level security (RLS) has not been enabled on tables in schemas exposed to PostgREST,"Table \`public.contahub_periodo\` is public, but RLS has not been enabled.",https://supabase.com/docs/guides/database/database-linter?lint=0013_rls_disabled_in_public,"{""name"":""contahub_periodo"",""type"":""table"",""schema"":""public""}",rls_disabled_in_public_public_contahub_periodo
rls_disabled_in_public,RLS Disabled in Public,ERROR,EXTERNAL,"[""SECURITY""]",Detects cases where row level security (RLS) has not been enabled on tables in schemas exposed to PostgREST,"Table \`public.contahub_tempo\` is public, but RLS has not been enabled.",https://supabase.com/docs/guides/database/database-linter?lint=0013_rls_disabled_in_public,"{""name"":""contahub_tempo"",""type"":""table"",""schema"":""public""}",rls_disabled_in_public_public_contahub_tempo
rls_disabled_in_public,RLS Disabled in Public,ERROR,EXTERNAL,"[""SECURITY""]",Detects cases where row level security (RLS) has not been enabled on tables in schemas exposed to PostgREST,"Table \`public.yuzer_produtos\` is public, but RLS has not been enabled.",https://supabase.com/docs/guides/database/database-linter?lint=0013_rls_disabled_in_public,"{""name"":""yuzer_produtos"",""type"":""table"",""schema"":""public""}",rls_disabled_in_public_public_yuzer_produtos